Images/100.bmp,32.5610753221011,training
Images/101.bmp,66.3595491701759,training
Images/102.bmp,44.6949845201238,training
Images/103.bmp,39.2345587325164,training
Images/104.bmp,9.22907379891035,training
Images/105.bmp,41.3313514183079,training
Images/106.bmp,68.9220763131814,test
Images/107.bmp,27.9575337377739,test
Images/108.bmp,75.3515151515151,test
Images/109.bmp,50.6379310344828,training
Images/10.bmp,82.9107142857143,test
Images/110.bmp,32.1369047619048,training
Images/111.bmp,51.8415300546448,test
Images/112.bmp,30.31875,test
Images/113.bmp,68.2171428571429,training
Images/114.bmp,24.8711340206186,validation
Images/115.bmp,31.2937853107345,training
Images/116.bmp,26.0977011494253,test
Images/117.bmp,70.4327485380117,training
Images/118.bmp,26.5308641975309,training
Images/119.bmp,51.3170731707317,test
Images/11.bmp,60.9472891566265,training
Images/120.bmp,18.7848837209302,training
Images/121.bmp,19.75,training
Images/122.bmp,79.3670886075949,training
Images/123.bmp,67.2977528089888,training
Images/124.bmp,70.9945945945946,training
Images/125.bmp,81.9050279329609,training
Images/126.bmp,52.843023255814,test
Images/127.bmp,41.4269005847953,validation
Images/128.bmp,48.8136645962733,training
Images/129.bmp,72.8826815642458,training
Images/12.bmp,15.8952380952381,training
Images/130.bmp,86.6086956521739,training
Images/131.bmp,48.5290322580645,test
Images/132.bmp,73.0259067357513,training
Images/133.bmp,27.0057142857143,training
Images/134.bmp,32.3089887640449,training
Images/135.bmp,65.9430051813471,training
Images/136.bmp,67.1631578947368,test
Images/137.bmp,59.8421052631579,training
Images/138.bmp,67.5869565217391,test
Images/139.bmp,61.9285714285714,training
Images/13.bmp,77.4022988505747,validation
Images/140.bmp,77.4583333333333,test
Images/141.bmp,20.5818181818182,training
Images/142.bmp,26.4057142857143,test
Images/143.bmp,61.1494845360825,test
Images/144.bmp,76.9239130434783,training
Images/145.bmp,55.5923913043478,training
Images/146.bmp,34.2111801242236,test
Images/147.bmp,71.3233532934132,test
Images/148.bmp,41.9707602339181,training
Images/149.bmp,72.4574468085106,test
Images/14.bmp,66.3941176470588,test
Images/150.bmp,65.796178343949,training
Images/151.bmp,55.7792207792208,test
Images/152.bmp,79.4378698224852,training
Images/153.bmp,73.0880829015544,validation
Images/154.bmp,11.9771428571429,training
Images/155.bmp,73.6390532544379,validation
Images/156.bmp,28.5128205128205,validation
Images/157.bmp,17.5192307692308,training
Images/158.bmp,79.4166666666667,test
Images/159.bmp,73.8344370860927,test
Images/15.bmp,56.3989637305699,training
Images/160.bmp,41.3470588235294,training
Images/161.bmp,8.24683544303798,test
Images/162.bmp,70.6375,training
Images/163.bmp,46.3694267515924,training
Images/164.bmp,80.5,test
Images/165.bmp,71.8633879781421,training
Images/166.bmp,49.7958115183246,validation
Images/167.bmp,75.1777777777778,training
Images/168.bmp,65.4180790960452,training
Images/169.bmp,30.1091954022989,training
Images/16.bmp,77.6021505376344,training
Images/170.bmp,60.2879581151832,training
Images/171.bmp,25.1363636363636,test
Images/172.bmp,63.0452261306533,validation
Images/173.bmp,74.5406698564593,test
Images/174.bmp,72.91,training
Images/175.bmp,74.3647798742138,training
Images/176.bmp,61.3453608247423,training
Images/177.bmp,58.4301075268817,training
Images/178.bmp,53.7023809523809,test
Images/179.bmp,66.1084337349398,validation
Images/17.bmp,61.4619883040936,test
Images/180.bmp,39.4134078212291,training
Images/181.bmp,29.1282051282051,training
Images/182.bmp,52.6313131313131,training
Images/183.bmp,23.0121212121212,training
Images/184.bmp,67,training
Images/185.bmp,56.4699453551913,validation
Images/186.bmp,49.8076923076923,training
Images/187.bmp,28.7119565217391,test
Images/188.bmp,28.9595375722543,training
Images/189.bmp,46.0537634408602,training
Images/18.bmp,64.551912568306,training
Images/190.bmp,31.7294685990338,training
Images/191.bmp,46.4747474747475,training
Images/192.bmp,35.4835164835165,test
Images/193.bmp,74.6608187134503,training
Images/194.bmp,26.6666666666667,test
Images/195.bmp,69.18407960199,validation
Images/196.bmp,61.7888888888889,test
Images/197.bmp,55.4823529411765,test
Images/198.bmp,78.5172413793103,training
Images/199.bmp,66.2122905027933,validation
Images/19.bmp,30.9360465116279,training
Images/200.bmp,9.13907284768212,training
Images/201.bmp,49.5,test
Images/202.bmp,24.5151515151515,training
Images/203.bmp,50.9944134078212,training
Images/204.bmp,75.4817073170732,training
Images/205.bmp,77.9597701149425,training
Images/206.bmp,72.5909090909091,training
Images/207.bmp,43.6686390532544,training
Images/208.bmp,53.8414634146341,training
Images/209.bmp,52.2906976744186,test
Images/20.bmp,76.3854166666667,test
Images/210.bmp,70.5421052631579,training
Images/211.bmp,42.6860465116279,test
Images/212.bmp,61.7126436781609,training
Images/213.bmp,13.1139240506329,training
Images/214.bmp,73.1111111111111,training
Images/215.bmp,57.1913580246914,training
Images/216.bmp,75.179012345679,test
Images/217.bmp,68.1472392638037,training
Images/218.bmp,67.9885057471264,training
Images/219.bmp,48.8034682080925,test
Images/21.bmp,53.020618556701,training
Images/220.bmp,67.2822085889571,training
Images/221.bmp,84.1602209944751,training
Images/222.bmp,59.2565445026178,training
Images/223.bmp,68.3112582781457,validation
Images/224.bmp,14.6382978723404,training
Images/225.bmp,64.0529411764706,test
Images/226.bmp,49.4756756756757,training
Images/227.bmp,72.7076023391813,training
Images/228.bmp,41.1,training
Images/229.bmp,57.6666666666667,training
Images/22.bmp,52,training
Images/230.bmp,43.2471264367816,validation
Images/231.bmp,45.3710691823899,training
Images/232.bmp,81.7687861271676,training
Images/233.bmp,81.2555555555556,training
Images/234.bmp,64.6806282722513,training
Images/235.bmp,53.1524390243902,validation
Images/236.bmp,30.9830508474576,training
Images/237.bmp,68.8243243243243,training
Images/238.bmp,59.031847133758,training
Images/239.bmp,3.4975845410628,training
Images/23.bmp,77.1139240506329,validation
Images/240.bmp,53.08,validation
Images/241.bmp,59.45,training
Images/242.bmp,43.8820512820513,training
Images/243.bmp,34.1234567901235,test
Images/244.bmp,56.4450867052023,training
Images/245.bmp,10.7272727272727,training
Images/246.bmp,52.030487804878,training
Images/247.bmp,74.2721893491124,training
Images/248.bmp,74.9493670886076,validation
Images/249.bmp,73.1847826086957,training
Images/24.bmp,35.8359788359788,training
Images/250.bmp,50.5745856353591,training
Images/251.bmp,61.7771739130435,training
Images/252.bmp,39.1543209876543,training
Images/253.bmp,46.7079207920792,test
Images/254.bmp,48.78,training
Images/255.bmp,57.242774566474,training
Images/256.bmp,70.3241758241758,training
Images/257.bmp,71.7964071856287,training
Images/258.bmp,68.3602150537634,training
Images/259.bmp,61.6130952380952,training
Images/25.bmp,71.9005847953216,training
Images/260.bmp,49.0904255319149,training
Images/261.bmp,85.2163742690059,training
Images/262.bmp,62.2857142857143,training
Images/263.bmp,27.1538461538462,validation
Images/264.bmp,39.0186335403727,training
Images/265.bmp,60.1521739130435,test
Images/266.bmp,61.7910447761194,test
Images/267.bmp,70.7417218543046,training
Images/268.bmp,75.6416184971098,training
Images/269.bmp,62.0793650793651,training
Images/26.bmp,78.6117647058824,training
Images/270.bmp,21.5740740740741,training
Images/271.bmp,83.0617283950617,training
Images/272.bmp,44.3989071038251,training
Images/273.bmp,65.3254437869822,training
Images/274.bmp,50.1882352941176,training
Images/275.bmp,47.0273224043716,training
Images/276.bmp,71.6358024691358,training
Images/277.bmp,68.4107142857143,validation
Images/278.bmp,28.1041666666667,training
Images/279.bmp,70.6449704142012,training
Images/27.bmp,63.2893081761006,training
Images/280.bmp,34.0949720670391,training
Images/281.bmp,43.5705882352941,training
Images/282.bmp,45.7103825136612,test
Images/283.bmp,20.1684210526316,training
Images/284.bmp,66.9148936170213,training
Images/285.bmp,56.0765027322404,validation
Images/286.bmp,40.7413793103448,training
Images/287.bmp,30.9116022099447,training
Images/288.bmp,47.7976878612717,validation
Images/289.bmp,43.4583333333333,training
Images/28.bmp,61.0135135135135,validation
Images/290.bmp,35.8125,training
Images/291.bmp,30.9166666666667,training
Images/292.bmp,43.546875,training
Images/293.bmp,40.6723163841808,training
Images/294.bmp,12.8343558282209,test
Images/295.bmp,72.4691358024691,training
Images/296.bmp,38.3793103448276,validation
Images/297.bmp,27.0718232044199,test
Images/298.bmp,49.636815920398,training
Images/299.bmp,56.3966480446927,test
Images/29.bmp,38.5060240963855,training
Images/300.bmp,41.2596685082873,test
Images/301.bmp,74.7877094972067,training
Images/302.bmp,63.9084967320261,validation
Images/303.bmp,51.1377245508982,training
Images/304.bmp,87.3655913978495,training
Images/305.bmp,67.1988636363636,training
Images/306.bmp,51.1732673267327,training
Images/307.bmp,13.719387755102,training
Images/308.bmp,44.929347826087,test
Images/309.bmp,19.376404494382,training
Images/30.bmp,35.1036585365854,training
Images/310.bmp,69.6714285714286,test
Images/311.bmp,22.6558441558442,training
Images/312.bmp,56.6777777777778,training
Images/313.bmp,49.247191011236,validation
Images/314.bmp,52.7921348314607,training
Images/315.bmp,69.937106918239,training
Images/316.bmp,49.3015873015873,training
Images/317.bmp,34.2670454545455,training
Images/318.bmp,35.1693121693122,validation
Images/319.bmp,76.2909090909091,test
Images/31.bmp,53.551912568306,training
Images/320.bmp,77.0714285714286,training
Images/321.bmp,44.2628571428571,test
Images/322.bmp,53.479381443299,test
Images/323.bmp,65.3908045977011,training
Images/324.bmp,77.9268292682927,training
Images/325.bmp,52.3539325842697,training
Images/326.bmp,46.9076923076923,training
Images/327.bmp,58.4204545454545,validation
Images/328.bmp,82.5393939393939,training
Images/329.bmp,6.39344262295082,validation
Images/32.bmp,68.7888888888889,validation
Images/330.bmp,67.7241379310345,training
Images/331.bmp,67.1888888888889,training
Images/332.bmp,80.5906432748538,test
Images/333.bmp,51.0928961748634,test
Images/334.bmp,58.3897435897436,training
Images/335.bmp,43.8639053254438,training
Images/336.bmp,47.3791208791209,training
Images/337.bmp,11.7604790419162,training
Images/338.bmp,86.6021505376344,test
Images/339.bmp,62.3176470588235,validation
Images/33.bmp,51.5523255813954,training
Images/340.bmp,27.9622641509434,training
Images/341.bmp,8.93296089385475,training
Images/342.bmp,67.6868131868132,training
Images/343.bmp,66.8625,test
Images/344.bmp,79.8022598870056,training
Images/345.bmp,41.3385416666667,training
Images/346.bmp,58.9166666666667,test
Images/347.bmp,58.6521739130435,test
Images/348.bmp,30.5376344086022,training
Images/349.bmp,69.2833333333333,training
Images/34.bmp,34.2554347826087,training
Images/350.bmp,58.6551724137931,training
Images/351.bmp,71.0285714285714,training
Images/352.bmp,52.030612244898,test
Images/353.bmp,68.0994475138122,test
Images/354.bmp,52.6824644549763,validation
Images/355.bmp,76.2762430939227,training
Images/356.bmp,43.2024539877301,test
Images/357.bmp,64.5524861878453,training
Images/358.bmp,50.6684782608696,training
Images/359.bmp,62.9235294117647,training
Images/35.bmp,34.3798882681564,validation
Images/360.bmp,24.9709302325581,training
Images/361.bmp,67.3815028901734,training
Images/362.bmp,44.5620437956204,test
Images/363.bmp,36.521472392638,test
Images/364.bmp,23.1648936170213,training
Images/365.bmp,43.8826815642458,validation
Images/366.bmp,53.8663101604278,test
Images/367.bmp,50.1354166666667,training
Images/368.bmp,52.921686746988,training
Images/369.bmp,43.3291925465838,training
Images/36.bmp,57.377245508982,training
Images/370.bmp,28.343949044586,training
Images/371.bmp,66.5780346820809,training
Images/372.bmp,68.0320855614973,training
Images/373.bmp,59.6281407035176,training
Images/374.bmp,43.1871657754011,training
Images/375.bmp,24.0301204819277,training
Images/376.bmp,23.2134831460674,training
Images/377.bmp,74.2057142857143,training
Images/378.bmp,71.50625,training
Images/379.bmp,61.3166666666667,training
Images/37.bmp,64.6181818181818,training
Images/380.bmp,79.1136363636364,test
Images/381.bmp,63.7606382978723,training
Images/382.bmp,82.1111111111111,training
Images/383.bmp,69.7028571428571,training
Images/384.bmp,35.0379746835443,training
Images/385.bmp,56.6136363636364,training
Images/386.bmp,40.7272727272727,training
Images/387.bmp,74.0184049079755,training
Images/388.bmp,58.3764705882353,training
Images/389.bmp,64.448275862069,training
Images/38.bmp,30.1505376344086,training
Images/390.bmp,59.0057471264368,training
Images/391.bmp,82.7754010695187,training
Images/392.bmp,81.840490797546,training
Images/393.bmp,69.7560975609756,test
Images/394.bmp,48.5473684210526,test
Images/395.bmp,53.8333333333333,training
Images/396.bmp,68.1485148514851,test
Images/397.bmp,51.6647058823529,training
Images/398.bmp,36.8957055214724,training
Images/399.bmp,65.921875,training
Images/39.bmp,73.2793296089386,training
Images/3.bmp,44.4461219097943,training
Images/400.bmp,58.640243902439,training
Images/401.bmp,54.4047619047619,training
Images/402.bmp,76.8456375838926,training
Images/403.bmp,71.2571428571429,test
Images/404.bmp,76.0965909090909,training
Images/405.bmp,38.1234567901235,training
Images/406.bmp,79.7025641025641,training
Images/407.bmp,55.4615384615385,training
Images/408.bmp,33.140350877193,training
Images/409.bmp,67.5964912280702,training
Images/40.bmp,34.0977011494253,test
Images/410.bmp,58.3045977011494,test
Images/411.bmp,17.9569892473118,training
Images/412.bmp,56.4342105263158,test
Images/413.bmp,33.0114942528736,training
Images/414.bmp,45.8622448979592,training
Images/415.bmp,16.9041916167665,training
Images/416.bmp,79.7675675675676,training
Images/417.bmp,72.0934065934066,test
Images/418.bmp,66.9209039548023,training
Images/419.bmp,71.8978494623656,training
Images/41.bmp,59.6648648648649,training
Images/420.bmp,55.994923857868,training
Images/421.bmp,74.1656441717791,training
Images/422.bmp,62.2513966480447,test
Images/423.bmp,71.5644171779141,test
Images/424.bmp,59.4812834224599,training
Images/425.bmp,64.1695906432749,training
Images/426.bmp,67.4011976047904,training
Images/427.bmp,52.686170212766,test
Images/428.bmp,37.9147727272727,test
Images/429.bmp,13.0056818181818,training
Images/42.bmp,63.3351955307263,validation
Images/430.bmp,62.6149732620321,training
Images/431.bmp,46.4157303370786,validation
Images/432.bmp,61.9479166666667,training
Images/433.bmp,34.4968553459119,training
Images/434.bmp,58.7621951219512,training
Images/435.bmp,49.879746835443,training
Images/436.bmp,57.38125,test
Images/437.bmp,65.1989247311828,test
Images/438.bmp,57.3333333333333,training
Images/439.bmp,18.9382716049383,training
Images/43.bmp,18.4777070063694,validation
Images/440.bmp,60.2108108108108,training
Images/441.bmp,65.8383233532934,training
Images/442.bmp,71.0564102564103,training
Images/443.bmp,17.0055555555556,training
Images/444.bmp,83.1770833333333,test
Images/445.bmp,47.2435233160622,training
Images/446.bmp,13.1256830601093,training
Images/447.bmp,25.3314606741573,training
Images/448.bmp,61.5384615384615,validation
Images/449.bmp,41.1,training
Images/44.bmp,72.0392156862745,training
Images/450.bmp,63.1963190184049,training
Images/451.bmp,69.3869047619048,validation
Images/452.bmp,62.4648648648649,training
Images/453.bmp,38.1914893617021,training
Images/454.bmp,46.8588957055215,training
Images/455.bmp,75.5765306122449,training
Images/456.bmp,79.08,test
Images/457.bmp,44.4471153846154,training
Images/458.bmp,7.68811881188119,training
Images/459.bmp,77.2011834319527,training
Images/45.bmp,56.0952380952381,training
Images/460.bmp,6.04326923076923,test
Images/461.bmp,75.7798742138365,training
Images/462.bmp,65.5325443786982,training
Images/463.bmp,72.9230769230769,training
Images/464.bmp,55.7752808988764,validation
Images/465.bmp,69.2068965517241,training
Images/466.bmp,76.4090909090909,training
Images/467.bmp,57.6444444444444,training
Images/468.bmp,7.3695652173913,training
Images/469.bmp,58.5466666666667,training
Images/46.bmp,15.2201257861635,training
Images/470.bmp,59.4096385542169,training
Images/471.bmp,50.1395348837209,validation
Images/472.bmp,53.7798742138365,training
Images/473.bmp,65.1744186046512,training
Images/474.bmp,22.5454545454545,training
Images/475.bmp,64.0888888888889,training
Images/476.bmp,54.1623036649215,test
Images/477.bmp,75.5222222222222,training
Images/478.bmp,60.0108695652174,training
Images/479.bmp,66.0144927536232,training
Images/47.bmp,49.5,validation
Images/480.bmp,52.7797619047619,training
Images/481.bmp,50.0928961748634,test
Images/482.bmp,51.8306878306878,training
Images/483.bmp,45.2027027027027,training
Images/484.bmp,67.7826086956522,training
Images/485.bmp,53.860103626943,training
Images/486.bmp,70.7556818181818,training
Images/487.bmp,62.3450292397661,training
Images/488.bmp,57.4647058823529,validation
Images/489.bmp,12.9329608938547,training
Images/48.bmp,81.3448275862069,training
Images/490.bmp,67.6169154228856,validation
Images/491.bmp,56.4772727272727,training
Images/492.bmp,62.8062827225131,training
Images/493.bmp,27.5393258426966,training
Images/494.bmp,85.2173913043478,training
Images/495.bmp,57.0975609756098,test
Images/496.bmp,65.503144654088,test
Images/497.bmp,32.5611111111111,validation
Images/498.bmp,35.641975308642,training
Images/499.bmp,80.8633879781421,test
Images/49.bmp,51.8994413407821,training
Images/4.bmp,31.9783141617952,test
Images/500.bmp,68.4527027027027,training
Images/501.bmp,37.8636363636364,training
Images/502.bmp,71.4827586206897,test
Images/503.bmp,27.2046783625731,training
Images/504.bmp,56.185628742515,training
Images/505.bmp,63.0903614457831,training
Images/506.bmp,73.0752688172043,training
Images/507.bmp,78.8036809815951,test
Images/508.bmp,63.0714285714286,validation
Images/509.bmp,40.4857142857143,training
Images/50.bmp,62.1379310344828,training
Images/510.bmp,78.6287425149701,training
Images/511.bmp,27.8415300546448,training
Images/512.bmp,43.2814371257485,training
Images/513.bmp,70.3703703703704,training
Images/514.bmp,75.6875,training
Images/515.bmp,76.2371794871795,test
Images/516.bmp,52.429347826087,training
Images/517.bmp,38.2352941176471,test
Images/518.bmp,59.4210526315789,training
Images/519.bmp,62.5661375661376,training
Images/51.bmp,82.2829268292683,training
Images/520.bmp,59.0051813471503,training
Images/521.bmp,52.010989010989,training
Images/522.bmp,64.7904191616767,training
Images/523.bmp,17.975,training
Images/524.bmp,48.2732919254658,training
Images/525.bmp,78.8193548387097,test
Images/526.bmp,67.1283422459893,training
Images/527.bmp,71.8823529411765,validation
Images/528.bmp,70.0481927710843,test
Images/529.bmp,50.5923566878981,validation
Images/52.bmp,69.5789473684211,validation
Images/530.bmp,14.1781609195402,training
Images/531.bmp,59.4754098360656,training
Images/532.bmp,27.698224852071,training
Images/53.bmp,42.7950310559006,training
Images/54.bmp,20.3493975903614,training
Images/55.bmp,83.283422459893,training
Images/56.bmp,10.6685714285714,test
Images/57.bmp,61.5576923076923,training
Images/58.bmp,7.5,training
Images/59.bmp,44.7307692307692,training
Images/5.bmp,62.25618274495,training
Images/60.bmp,74.1833333333333,training
Images/61.bmp,37.75625,test
Images/62.bmp,54.4594594594595,training
Images/63.bmp,72.8700564971751,test
Images/64.bmp,41.8607594936709,training
Images/65.bmp,60.5228426395939,training
Images/66.bmp,47.8833333333333,training
Images/67.bmp,64.798969072165,test
Images/68.bmp,39.8047337278106,training
Images/69.bmp,40.3920454545455,training
Images/6.bmp,51.8719592683387,training
Images/70.bmp,58.21608040201,training
Images/71.bmp,48.6256983240223,test
Images/72.bmp,65.1111111111111,training
Images/73.bmp,81.125786163522,training
Images/74.bmp,57.4026845637584,training
Images/75.bmp,56.2459016393443,test
Images/76.bmp,76.094674556213,training
Images/77.bmp,71.521472392638,training
Images/78.bmp,69.6470588235294,validation
Images/79.bmp,54.421875,test
Images/7.bmp,4.93782383419689,test
Images/80.bmp,56.4268292682927,training
Images/81.bmp,30.1455399061033,training
Images/82.bmp,36.1533333333333,test
Images/83.bmp,55.2594594594595,training
Images/84.bmp,56.1065088757396,training
Images/85.bmp,68.6024096385542,training
Images/86.bmp,50.1219512195122,training
Images/87.bmp,40.8709677419355,training
Images/88.bmp,72.3135135135135,training
Images/89.bmp,32.1032608695652,validation
Images/8.bmp,42.4121212121212,training
Images/90.bmp,37.0487804878049,training
Images/91.bmp,66.6166666666667,training
Images/92.bmp,64.8203592814371,validation
Images/93.bmp,39.8,training
Images/94.bmp,66.0959595959596,validation
Images/95.bmp,75.3294117647059,training
Images/96.bmp,63.0752688172043,training
Images/97.bmp,56.3555555555556,training
Images/98.bmp,71.7692307692308,training
Images/99.bmp,11.7258064516129,training
Images/9.bmp,77.9034756327918,training
Images/533.JPG,73.6235294117647,training
Images/534.JPG,52.7096774193548,training
Images/535.JPG,29.5026737967914,training
Images/536.JPG,40.3966480446927,training
Images/537.JPG,63.1475409836066,test
Images/538.JPG,62.5301204819277,training
Images/539.JPG,64.1180124223603,training
Images/540.JPG,35.551724137931,training
Images/541.JPG,52.551912568306,training
Images/542.JPG,51.9005524861878,test
Images/543.JPG,68.0555555555556,training
Images/544.JPG,59.9897435897436,training
Images/545.JPG,60.75,training
Images/546.JPG,78.5301204819277,test
Images/547.JPG,21.2356020942408,training
Images/548.JPG,69.479797979798,training
Images/549.JPG,65.4294117647059,training
Images/550.JPG,25.906432748538,training
Images/551.JPG,77.2880434782609,training
Images/552.JPG,61.0927152317881,validation
Images/553.JPG,78.8081395348837,training
Images/554.JPG,65.0696517412935,test
Images/555.JPG,78.678947368421,training
Images/556.JPG,70.2055555555555,training
Images/557.JPG,65.2634408602151,training
Images/558.JPG,44.4129032258065,training
Images/559.JPG,72.8509316770186,training
Images/560.JPG,48.699481865285,training
Images/561.JPG,45.4176470588235,training
Images/562.JPG,50.2594594594595,training
Images/563.JPG,65.8895348837209,training
Images/564.JPG,35.2727272727273,training
Images/565.JPG,21.8011049723757,training
Images/566.JPG,74.3393939393939,test
Images/567.JPG,61.1666666666667,training
Images/568.JPG,67.9781420765027,training
Images/569.JPG,72.1049382716049,training
Images/570.JPG,43.1189189189189,training
Images/571.JPG,73.4855769230769,validation
Images/572.JPG,29.5828571428571,training
Images/573.JPG,47.3246073298429,test
Images/574.JPG,52.7378048780488,test
Images/575.JPG,75.1823204419889,training
Images/576.JPG,80.3618090452261,training
Images/577.JPG,76.1182795698925,validation
Images/578.JPG,78.103825136612,validation
Images/579.JPG,68.4210526315789,training
Images/580.JPG,63.5806451612903,test
Images/581.JPG,41.680981595092,test
Images/582.JPG,65.5511363636364,training
Images/583.JPG,58.3953488372093,training
Images/584.JPG,80.9364161849711,training
Images/585.JPG,60.0160427807487,test
Images/586.JPG,57.0113636363636,validation
Images/587.JPG,66.6959064327485,training
Images/588.JPG,67.5235294117647,training
Images/589.JPG,81.4702702702703,training
Images/590.JPG,84.813829787234,training
Images/591.JPG,78.1361256544503,training
Images/592.JPG,57.8549222797927,test
Images/593.JPG,73.06875,validation
Images/594.JPG,68.8086419753086,training
Images/595.JPG,8.20338983050847,training
Images/596.JPG,49.4082840236686,training
Images/597.JPG,63.0476190476191,training
Images/598.JPG,45.3031914893617,training
Images/599.JPG,56.1933701657459,training
Images/600.JPG,48.5157232704403,training
Images/601.JPG,60.9462365591398,training
Images/602.JPG,42.7650602409639,validation
Images/603.JPG,66.6815642458101,training
Images/604.JPG,74.6289308176101,test
Images/605.JPG,50.9508196721311,training
Images/606.JPG,31.4974093264249,validation
Images/607.JPG,48.2842105263158,training
Images/608.JPG,59.9883720930233,training
Images/609.JPG,65.455,training
Images/610.JPG,65.4934210526316,training
Images/611.JPG,38.4894736842105,training
Images/612.JPG,71.0056818181818,training
Images/613.JPG,53.3018867924528,test
Images/614.JPG,58.1581920903955,training
Images/615.JPG,40.1283422459893,test
Images/616.JPG,81.8381502890173,training
Images/617.JPG,79.8333333333333,validation
Images/618.JPG,74.9069767441861,training
Images/619.JPG,42.3352941176471,training
Images/620.JPG,48.8562874251497,training
Images/621.JPG,69.8776595744681,validation
Images/622.JPG,78.3333333333333,training
Images/623.JPG,45.8081395348837,training
Images/624.JPG,71.1657458563536,training
Images/625.JPG,61.4947368421053,test
Images/626.JPG,32.3220338983051,test
Images/627.JPG,50.5870967741935,training
Images/628.JPG,31.7702702702703,training
Images/629.JPG,46.4659090909091,training
Images/630.JPG,55.9939024390244,training
Images/631.JPG,70.6580310880829,training
Images/632.JPG,21.1428571428571,training
Images/633.JPG,26.2022471910112,validation
Images/634.JPG,16.1345029239766,training
Images/635.JPG,63.7624309392265,test
Images/636.JPG,64.5180722891566,training
Images/637.JPG,31.4557823129252,training
Images/638.JPG,49.640522875817,training
Images/639.JPG,43.9597315436242,training
Images/640.JPG,43.5384615384615,test
Images/641.JPG,45.5090909090909,validation
Images/642.JPG,49.1714285714286,training
Images/643.JPG,73.9455445544555,test
Images/644.JPG,35.3793103448276,training
Images/645.JPG,43.0193548387097,training
Images/646.JPG,59.3646408839779,test
Images/647.JPG,66.9944751381215,training
Images/648.JPG,27.8388888888889,training
Images/649.JPG,53.7757575757576,test
Images/650.JPG,71.3636363636364,training
Images/651.JPG,30.7247191011236,validation
Images/652.JPG,6.5207100591716,training
Images/653.JPG,15.6473988439306,training
Images/654.JPG,71.8013698630137,training
Images/655.JPG,12.562874251497,test
Images/656.JPG,54.1937172774869,training
Images/657.JPG,16.6012658227848,training
Images/658.JPG,77.0786516853933,test
Images/659.JPG,19.4915254237288,training
Images/660.JPG,63.5432098765432,training
Images/661.JPG,19.8035714285714,training
Images/662.JPG,19.5536723163842,training
Images/663.JPG,23.0584795321637,test
Images/664.JPG,52.1385542168675,validation
Images/665.JPG,60.0432098765432,training
Images/666.JPG,15.5828220858896,training
Images/667.JPG,55.0315789473684,training
Images/668.JPG,9.20833333333333,training
Images/669.JPG,9.82758620689655,training
Images/670.JPG,34.9441340782123,training
Images/671.JPG,6.22424242424242,training
Images/672.JPG,9.90967741935484,training
Images/673.JPG,3.42,training
Images/674.JPG,68.1116751269035,training
Images/675.JPG,38.1843575418994,training
Images/676.JPG,14.9623655913978,test
Images/677.JPG,8.47777777777778,training
Images/678.JPG,4.86503067484663,test
Images/679.JPG,7.07853403141361,training
Images/680.JPG,10.4418604651163,training
Images/681.JPG,18.5961538461538,test
Images/682.JPG,40.0747126436782,training
Images/683.JPG,37.3389830508475,training
Images/684.JPG,27.8534031413613,training
Images/685.JPG,60.0975609756098,training
Images/686.JPG,29.4756756756757,training
Images/687.JPG,49.1272727272727,test
Images/688.JPG,66.7903225806452,training
Images/689.JPG,12.5562130177515,validation
Images/690.JPG,77.8275862068966,training
Images/691.JPG,37.2539682539683,validation
Images/692.JPG,25.2378378378378,training
Images/693.JPG,43.7027027027027,training
Images/694.JPG,9.73885350318471,validation
Images/695.JPG,27.6608187134503,training
Images/696.JPG,30.1626506024096,test
Images/697.JPG,48.02,test
Images/698.JPG,4.84615384615385,training
Images/699.JPG,77.7459459459459,training
Images/700.JPG,5.27777777777778,training
Images/701.JPG,17.4875,training
Images/702.JPG,4.34391534391534,training
Images/703.JPG,19.1736842105263,training
Images/704.JPG,17.0229885057471,training
Images/705.JPG,48.2045454545455,test
Images/706.JPG,45.5689655172414,test
Images/707.JPG,18.0060606060606,training
Images/708.JPG,72.4438202247191,training
Images/709.JPG,61.9329268292683,validation
Images/710.JPG,53.8306010928962,training
Images/711.JPG,57.9261363636364,training
Images/712.JPG,86.3469387755102,validation
Images/713.JPG,46.4134078212291,training
Images/714.JPG,31.8333333333333,training
Images/715.JPG,88.340782122905,training
Images/716.JPG,90.2446808510638,training
Images/717.JPG,66.537037037037,test
Images/718.JPG,46.4240837696335,training
Images/719.JPG,82.6129032258064,training
Images/720.JPG,62.1088082901554,training
Images/721.JPG,80.6993865030675,test
Images/722.JPG,27.9641025641026,training
Images/723.JPG,23.5384615384615,training
Images/724.JPG,30.7371428571429,training
Images/725.JPG,36.962962962963,training
Images/726.JPG,45.5238095238095,training
Images/727.JPG,31.5,training
Images/728.JPG,83.4797687861272,training
Images/729.JPG,77.4866310160428,test
Images/730.JPG,46.875,training
Images/731.JPG,45.3351955307263,training
Images/732.JPG,23.6467391304348,test
Images/733.JPG,19.6440677966102,training
Images/734.JPG,4.30813953488372,training
Images/735.JPG,54.4259259259259,training
Images/736.JPG,76.9039548022599,training
Images/737.JPG,43.9864864864865,training
Images/738.JPG,69.4232804232804,test
Images/739.JPG,83.9212121212121,training
Images/740.JPG,69.2865168539326,test
Images/741.JPG,59.8291139240506,training
Images/742.JPG,5.65868263473054,test
Images/743.JPG,72.9521276595745,training
Images/744.JPG,69.4,validation
Images/745.JPG,69.5337423312883,training
Images/746.JPG,76.9844559585492,validation
Images/747.JPG,64.5027932960894,test
Images/748.JPG,79.5029239766082,training
Images/749.JPG,81.5852272727273,training
Images/750.JPG,57.5254237288136,training
Images/751.JPG,25.7738095238095,validation
Images/752.JPG,60.6301369863014,validation
Images/753.JPG,83.8452380952381,test
Images/754.JPG,44.1428571428571,validation
Images/755.JPG,64.9619565217391,training
Images/756.JPG,87.3710691823899,training
Images/757.JPG,65.6032608695652,test
Images/758.JPG,76.2178770949721,training
Images/759.JPG,75.4709302325581,training
Images/760.JPG,48.1676646706587,test
Images/761.JPG,72.9210526315789,training
Images/762.JPG,74.3975155279503,training
Images/763.JPG,65.4795918367347,training
Images/764.JPG,77.1783783783784,training
Images/765.JPG,82.0734463276836,test
Images/766.JPG,76.2562814070352,training
Images/767.JPG,85.5240963855422,training
Images/768.JPG,83.4157303370787,test
Images/769.JPG,80.3333333333333,training
Images/770.JPG,87.5820105820106,training
Images/771.JPG,73.5401069518717,training
Images/772.JPG,12.7964071856287,training
Images/773.JPG,82.5632183908046,test
Images/774.JPG,84.780612244898,training
Images/775.JPG,83.6213017751479,training
Images/776.JPG,91.0780487804878,test
Images/777.JPG,78.0243902439024,test
Images/778.JPG,81.5521472392638,training
Images/779.JPG,80.9340659340659,test
Images/780.JPG,92.4319526627219,training
Images/781.JPG,88.9175824175824,training
Images/782.JPG,49.6511627906977,test
Images/783.JPG,77.0659340659341,test
Images/784.JPG,82.9759036144578,training
Images/785.JPG,90.5497076023392,training
Images/786.JPG,83.4097222222222,training
Images/787.JPG,41.33125,training
Images/788.JPG,36.8156424581006,validation
Images/789.JPG,74.5172413793103,training
Images/790.JPG,71.6815642458101,training
Images/791.JPG,60.1314285714286,training
Images/792.JPG,79.3949044585987,training
Images/793.JPG,66.1067415730337,test
Images/794.JPG,77.4378109452736,training
Images/795.JPG,79.6142131979695,training
Images/796.JPG,68.5483870967742,training
Images/797.JPG,24.5141242937853,validation
Images/798.JPG,61.0555555555556,training
Images/799.JPG,69.6153846153846,test
Images/800.JPG,9.55154639175258,test
Images/801.JPG,64.2822085889571,test
Images/802.JPG,8.72251308900524,training
Images/803.JPG,21.494623655914,test
Images/804.JPG,21.1927710843373,training
Images/805.JPG,40.7076923076923,training
Images/806.JPG,85.9771428571429,training
Images/807.JPG,71.4921465968586,training
Images/808.JPG,83.3630952380952,training
Images/809.JPG,74.687898089172,training
Images/810.JPG,59.9360465116279,training
Images/811.JPG,76.8042328042328,training
Images/812.JPG,64.6102564102564,training
Images/813.JPG,37.0228571428571,training
Images/814.JPG,25.4715909090909,training
Images/815.JPG,32.4563758389262,training
Images/816.JPG,16.0268456375839,test
Images/817.JPG,14.3050847457627,validation
Images/818.JPG,21.7701149425287,training
Images/819.JPG,8.27551020408163,test
Images/820.JPG,78.3313609467456,test
Images/821.JPG,50.9757575757576,training
Images/822.JPG,24.9368421052632,validation
Images/823.JPG,13.028901734104,training
Images/824.JPG,12.8993710691824,training
Images/825.JPG,44.4692737430168,test
Images/826.JPG,76.1094527363184,test
Images/827.JPG,82.4784946236559,test
Images/828.JPG,68.9811320754717,training
Images/829.JPG,26.6052631578947,test
Images/830.JPG,77.3576158940397,training
Images/831.JPG,36.2395209580838,training
Images/832.JPG,34.9461077844311,training
Images/833.JPG,21.7225130890052,training
Images/834.JPG,66.6647727272727,training
Images/835.JPG,59.1761363636364,training
Images/836.JPG,61.680412371134,training
Images/837.JPG,21.7682119205298,training
Images/838.JPG,26.2388888888889,training
Images/839.JPG,22.7076023391813,training
Images/840.JPG,71.3273809523809,training
Images/841.JPG,63.4802259887006,training
Images/842.JPG,72.7886597938144,training
Images/843.JPG,28.7044025157233,training
Images/844.JPG,91.436170212766,validation
Images/845.JPG,34.7870967741936,training
Images/846.JPG,70.6564417177914,training
Images/847.JPG,60.7849462365591,validation
Images/848.JPG,79.5925925925926,training
Images/849.JPG,80.9817073170732,test
Images/850.JPG,84.0810810810811,training
Images/851.JPG,70.6077348066298,training
Images/852.JPG,26.6428571428571,test
Images/853.JPG,83.6795580110497,test
Images/854.JPG,65.0059171597633,training
Images/855.JPG,80.0769230769231,training
Images/856.JPG,20.8342857142857,training
Images/857.JPG,79.0809248554913,training
Images/858.JPG,76.6619047619048,test
Images/859.JPG,49.2051282051282,test
Images/860.JPG,74.9438202247191,validation
Images/861.JPG,67.9101123595506,test
Images/862.JPG,27.1347150259067,test
Images/863.JPG,66.2816091954023,training
Images/864.JPG,45.9230769230769,validation
Images/865.JPG,80.2105263157895,training
Images/866.JPG,80.6952380952381,training
Images/867.JPG,57.9772727272727,validation
Images/868.JPG,23.3005464480874,training
Images/869.JPG,12.0443349753695,training
Images/870.JPG,28.7756097560976,training
Images/871.JPG,34.4186046511628,training
Images/872.JPG,14.216049382716,training
Images/873.JPG,26.2960893854749,validation
Images/874.JPG,6.52486187845304,training
Images/875.JPG,37.1299435028249,training
Images/876.JPG,37.4010989010989,training
Images/877.JPG,87.8478260869565,training
Images/878.JPG,72.2598870056497,validation
Images/879.JPG,61.5,test
Images/880.JPG,65.0833333333333,test
Images/881.JPG,43.273631840796,training
Images/882.JPG,83.5449735449735,training
Images/883.JPG,83.4624277456647,validation
Images/884.JPG,29.4733727810651,training
Images/885.JPG,27.8888888888889,test
Images/886.JPG,72.9259259259259,training
Images/887.JPG,50.2941176470588,training
Images/888.JPG,52.1028571428571,training
Images/889.JPG,28.1758241758242,training
Images/890.JPG,62.9435028248588,training
Images/891.JPG,72.0462427745665,training
Images/892.JPG,75.0602409638554,test
Images/893.JPG,61.1656050955414,training
Images/894.JPG,45.46875,validation
Images/895.JPG,43.431693989071,test
Images/896.JPG,56.1349693251534,test
Images/897.JPG,57.7177914110429,training
Images/898.JPG,51.6589595375723,training
Images/899.JPG,73.9627659574468,test
Images/900.JPG,70.7062146892655,validation
Images/901.JPG,22.012987012987,test
Images/902.JPG,78.7081081081081,test
Images/903.JPG,67.1761006289308,training
Images/904.JPG,58.0220994475138,test
Images/905.JPG,70.36875,training
Images/906.JPG,63.8702702702703,validation
Images/907.JPG,13.971098265896,training
Images/908.JPG,73.2421052631579,training
Images/909.JPG,77.4260355029586,training
Images/910.JPG,61.425,training
Images/911.JPG,70.2865853658537,test
Images/912.JPG,38.3988095238095,training
Images/913.JPG,75.5408805031446,test
Images/914.JPG,67.4725274725275,test
Images/915.JPG,77.2460732984293,training
Images/916.JPG,78.025,training
Images/917.JPG,70.7,training
Images/918.JPG,73.375,training
Images/919.JPG,69.1264367816092,test
Images/920.JPG,75.8690476190476,validation
Images/921.JPG,74.6488095238095,training
Images/922.JPG,81.8520408163265,training
Images/923.JPG,75.1545893719807,training
Images/924.JPG,10.1767955801105,training
Images/925.JPG,47.33125,validation
Images/926.JPG,49.0994764397906,training
Images/927.JPG,57.7219251336898,training
Images/928.JPG,58.9939759036145,training
Images/929.JPG,38.5632183908046,validation
Images/930.JPG,50.3508771929825,training
Images/931.JPG,59.4319526627219,training
Images/932.JPG,60.2459016393443,training
Images/933.JPG,73.1803278688525,training
Images/934.JPG,71.8324607329843,test
Images/935.JPG,70.521472392638,validation
Images/936.JPG,76.4712643678161,training
Images/937.JPG,79.4943820224719,validation
Images/938.JPG,49.3920454545455,training
Images/939.JPG,67.615,training
Images/940.JPG,61.8837209302326,validation
Images/941.JPG,60.5471698113208,validation
Images/942.JPG,53.6374269005848,test
Images/943.JPG,62.2525773195876,test
Images/944.JPG,34.2919254658385,test
Images/945.JPG,70.2954545454545,training
Images/946.JPG,74.0251572327044,training
Images/947.JPG,77.4506172839506,training
Images/948.JPG,24.203821656051,test
Images/949.JPG,25.437125748503,test
Images/950.JPG,74.4623655913979,training
Images/951.JPG,75.9825581395349,training
Images/952.JPG,42.4226190476191,training
Images/953.JPG,58.7979274611399,test
Images/954.JPG,62.7955801104972,test
Images/955.JPG,54.6184210526316,training
Images/956.JPG,77.4277456647399,training
Images/957.JPG,32.6277777777778,training
Images/958.JPG,64.9883720930233,training
Images/959.JPG,49.8730158730159,training
Images/960.JPG,44.6875,training
Images/961.JPG,4.80745341614907,training
Images/962.JPG,61.9268292682927,training
Images/963.JPG,78.8424242424242,training
Images/964.JPG,63.6407185628742,training
Images/965.JPG,71.8154761904762,test
Images/966.JPG,69.3782383419689,training
Images/967.JPG,72.8428571428571,training
Images/968.JPG,65.0394736842105,training
Images/969.JPG,80.5520833333333,training
Images/970.JPG,68.9142857142857,training
Images/971.JPG,80.1005586592179,training
Images/972.JPG,68.8544303797468,training
Images/973.JPG,73.3081395348837,training
Images/974.JPG,69.6134969325153,training
Images/975.JPG,56.6959064327485,test
Images/976.JPG,74.225641025641,training
Images/977.JPG,66.9428571428571,training
Images/978.JPG,44.954802259887,training
Images/979.JPG,49.4518072289157,training
Images/980.JPG,65.3641975308642,training
Images/981.JPG,56.3705583756345,test
Images/982.JPG,44.68,validation
Images/983.JPG,74.819209039548,training
Images/984.JPG,46.7836257309942,test
Images/985.JPG,34.9759036144578,training
Images/986.JPG,61.1011904761905,training
Images/987.JPG,81.0366492146597,training
Images/988.JPG,54.8034682080925,test
Images/989.JPG,78.5126582278481,training
Images/990.JPG,86.2127659574468,training
Images/991.JPG,37.4251207729469,training
Images/992.JPG,58.9470899470899,test
Images/993.JPG,46.7692307692308,training
Images/994.JPG,65.4606741573034,test
Images/995.JPG,83.431693989071,training
Images/996.JPG,61.0203045685279,test
Images/997.JPG,65.4497041420118,training
Images/998.JPG,50.8306010928962,training
Images/999.JPG,49.0670731707317,training
Images/1000.JPG,56.5121951219512,training
Images/1001.JPG,53.5574712643678,training
Images/1002.JPG,40.6722222222222,training
Images/1003.JPG,30.4891304347826,training
Images/1004.JPG,64.3212121212121,validation
Images/1005.JPG,62.3502824858757,training
Images/1006.JPG,66.2142857142857,test
Images/1007.JPG,63.1459459459459,test
Images/1008.JPG,57.8427672955975,training
Images/1009.JPG,56.1573033707865,training
Images/1010.JPG,46.6704545454545,test
Images/1011.JPG,54.174358974359,training
Images/1012.JPG,75.8743455497382,training
Images/1013.JPG,38.1,training
Images/1014.JPG,58.8095238095238,training
Images/1015.JPG,63.9604519774011,training
Images/1016.JPG,65.6347305389222,training
Images/1017.JPG,29.9679144385027,training
Images/1018.JPG,42.4397590361446,training
Images/1019.JPG,62.9617486338798,training
Images/1020.JPG,55.1488095238095,validation
Images/1021.JPG,73.8670212765958,test
Images/1022.JPG,51.3085714285714,validation
Images/1023.JPG,72.6464646464647,training
Images/1024.JPG,42.7708333333333,training
Images/1025.JPG,72.030487804878,training
Images/1026.JPG,72.5155279503106,test
Images/1027.JPG,79.9388888888889,training
Images/1028.JPG,76.1626506024096,test
Images/1029.JPG,81.5161290322581,training
Images/1030.JPG,72.7566137566138,training
Images/1031.JPG,67.456043956044,training
Images/1032.JPG,77.5548780487805,training
Images/1033.JPG,69.7880434782609,test
Images/1034.JPG,75.7584269662921,test
Images/1035.JPG,67.5052631578947,training
Images/1036.JPG,75.5824742268041,training
Images/1037.JPG,48.9152542372881,training
Images/1038.JPG,21.8762886597938,training
Images/1039.JPG,59.6607142857143,validation
Images/1040.JPG,56.1428571428571,validation
Images/1041.JPG,75.9277108433735,test
Images/1042.JPG,25.9285714285714,training
Images/1043.JPG,73.312101910828,validation
Images/1044.JPG,82.3021978021978,training
Images/1045.JPG,80.4835164835165,training
Images/1046.JPG,61.0736842105263,validation
Images/1047.JPG,37.7602040816327,training
Images/1048.JPG,57.8562874251497,training
Images/1049.JPG,81.21875,training
Images/1050.JPG,72.0602409638554,training
Images/1051.JPG,57.327485380117,training
Images/1052.JPG,54.62,training
Images/1053.JPG,72.4891304347826,training
Images/1054.JPG,77.2475247524752,training
Images/1055.JPG,64.2329545454545,test
Images/1056.JPG,39.626582278481,training
Images/1057.JPG,49.4444444444444,test
Images/1058.JPG,60.2165605095541,test
Images/1059.JPG,55.3837209302326,training
Images/1060.JPG,61.2185792349727,training
Images/1061.JPG,73,training
Images/1062.JPG,83.1164021164021,training
Images/1063.JPG,66.6746987951807,test
Images/1064.JPG,76.0810810810811,validation
Images/1065.JPG,68.5642458100559,test
Images/1066.JPG,39.391959798995,training
Images/1067.JPG,49.327485380117,training
Images/1068.JPG,56.7329842931937,training
Images/1069.JPG,84.0440251572327,training
Images/1070.JPG,58.7707006369427,training
Images/1071.JPG,66,test
Images/1072.JPG,75.2528735632184,validation
Images/1073.JPG,74.747311827957,training
Images/1074.JPG,82.2046783625731,training
Images/1075.JPG,66.6111111111111,training
Images/1076.JPG,70.6318681318681,training
Images/1077.JPG,71.2754491017964,training
Images/1078.JPG,61.9329608938547,training
Images/1079.JPG,26.6610169491525,test
Images/1080.JPG,59.6363636363636,training
Images/1081.JPG,52.1947368421053,training
Images/1082.JPG,65.2842639593909,training
Images/1083.JPG,70.2670454545455,validation
Images/1084.JPG,78.185628742515,training
Images/1085.JPG,83.375,training
Images/1086.JPG,82.3128834355828,training
Images/1087.JPG,72.8333333333333,validation
Images/1088.JPG,49.9567901234568,training
Images/1089.JPG,80.1834319526627,training
Images/1090.JPG,53.8787878787879,validation
Images/1091.JPG,73.0621761658031,training
Images/1092.JPG,77.9028571428571,training
Images/1093.JPG,59.9836065573771,training
Images/1094.JPG,56.8680555555556,training
Images/1095.JPG,76.2642487046632,training
Images/1096.JPG,86.0601092896175,training
Images/1097.JPG,82.5133689839572,training
Images/1098.JPG,10.760736196319,training
Images/1099.JPG,74.615,training
Images/1100.JPG,76.2857142857143,training
Images/1101.JPG,78.796178343949,training
Images/1102.JPG,64.3694581280788,training
Images/1103.JPG,57.7010869565217,training
Images/1104.JPG,50.8141025641026,training
Images/1105.JPG,75.6344086021505,validation
Images/1106.JPG,66.5233160621762,training
Images/1107.JPG,78.4157303370787,training
Images/1108.JPG,73.2793296089386,training
Images/1109.JPG,69.5885714285714,training
Images/1110.JPG,50,training
Images/1111.JPG,80.6322580645161,training
Images/1112.JPG,43.5933333333333,training
Images/1113.JPG,31.6408839779006,training
Images/1114.JPG,76.962962962963,training
Images/1115.JPG,64.005376344086,training
Images/1116.JPG,49.9891891891892,training
Images/1117.JPG,52.4285714285714,test
Images/1118.JPG,53.6453488372093,training
Images/1119.JPG,57.4309392265193,training
Images/1120.JPG,74.7802197802198,test
Images/1121.JPG,76.967032967033,training
Images/1122.JPG,55.0120481927711,training
Images/1123.JPG,49.6172839506173,validation
Images/1124.JPG,77.2,training
Images/1125.JPG,61.6062176165803,training
Images/1126.JPG,72.0931677018634,training
Images/1127.JPG,80.6294117647059,training
Images/1128.JPG,70.0736196319018,training
Images/1129.JPG,55.9135135135135,training
Images/1130.JPG,46.0392156862745,training
Images/1131.JPG,72.546511627907,test
Images/1132.JPG,50.4180790960452,training
Images/1133.JPG,64.3296703296703,training
Images/1134.JPG,65.9005847953216,training
Images/1135.JPG,40.3898305084746,training
Images/1136.JPG,66.4114285714286,training
Images/1137.JPG,77.0171428571429,training
Images/1138.JPG,67.6047904191617,training
Images/1139.JPG,44.1720430107527,test
Images/1140.JPG,51.9020618556701,training
Images/1141.JPG,70.6741573033708,training
Images/1142.JPG,71.7639751552795,test
Images/1143.JPG,61.1055555555556,training
Images/1144.JPG,71.2721088435374,training
Images/1145.JPG,47.2102564102564,training
Images/1146.JPG,73.2048192771084,training
Images/1147.JPG,75.8351648351648,training
Images/1148.JPG,48.4530386740332,training
Images/1149.JPG,72.1272727272727,training
Images/1150.JPG,68.1968085106383,test
Images/1151.JPG,58.643216080402,training
Images/1152.JPG,61.8518518518519,test
Images/1153.JPG,71.1263157894737,training
Images/1154.JPG,28.0909090909091,training
Images/1155.JPG,74.3626373626374,test
Images/1156.JPG,28.810650887574,training
Images/1157.JPG,51.8604651162791,training
Images/1158.JPG,48.145251396648,validation
Images/1159.JPG,47.8362573099415,test
Images/1160.bmp,21.6858593363051,training
Images/1161.bmp,11.9002849002849,training
Images/1162.bmp,62.6617118791032,test
Images/1163.bmp,87.0655924892159,validation
Images/1164.bmp,72.753870927784,validation
